{
	"system" : {
		"platform" : "windows64",
		"os_name" : "Windows 10",
		"os_version" : "10.0"
	},
	"error" : {
		"executable" : "quartus",
		"comment" : "not_applicable",
		"error_message" : "Access Violation at 0X0000000068BF2492",
		"source_file" : "unknown",
		"line" : "0",
		"stack_trace" : "\t 0x68bf2491: QtGui4 + 0x3a2491 (?currentSubWindow@QMdiArea@@QEBAPEAVQMdiSubWindow@@XZ + 0x81)\n\t 0x68bf15bc: QtGui4 + 0x3a15bc (??_FQMdiArea@@QEAAXXZ + 0x62c)\n\t 0x68bf3314: QtGui4 + 0x3a3314 (?eventFilter@QMdiArea@@MEAA_NPEAVQObject@@PEAVQEvent@@@Z + 0xb4)\n\t 0x692ff742: QtCore4 + 0x10f742 (?sendThroughApplicationEventFilters@QCoreApplicationPrivate@@QEAA_NPEAVQObject@@PEAVQEvent@@@Z + 0x92)\n\t 0x68872dbd: QtGui4 + 0x22dbd (?notify_helper@QApplicationPrivate@@QEAA_NPEAVQObject@@PEAVQEvent@@@Z + 0x1d)\n\t 0x68872b2f: QtGui4 + 0x22b2f (?notify@QApplication@@UEAA_NPEAVQObject@@PEAVQEvent@@@Z + 0x17bf)\n\t 0x692fd92b: QtCore4 + 0x10d92b (?notifyInternal@QCoreApplication@@AEAA_NPEAVQObject@@PEAVQEvent@@@Z + 0x7b)\n\t 0x68876398: QtGui4 + 0x26398 (?setActiveWindow@QApplication@@SAXPEAVQWidget@@@Z + 0x278)\n\t 0x688d6891: QtGui4 + 0x86891 (?winFocus@QApplication@@QEAAXPEAVQWidget@@_N@Z + 0x31)\n\t 0x688d765f: QtGui4 + 0x8765f (?winMouseButtonUp@QApplication@@SAXXZ + 0xd0f)\n\t0x7ff8fedfe7e7: USER32 + 0xe7e7 (CallWindowProcW + 0x3f7)\n\t0x7ff8fedfe36b: USER32 + 0xe36b (DispatchMessageW + 0x39b)\n\t0x7ff8fee10c22: USER32 + 0x20c22 (SendMessageTimeoutW + 0x142)\n\t0x7ff8ff090ef3: ntdll + 0xa0ef3 (KiUserCallbackDispatcher + 0x23)\n\t0x7ff8fc9e1b23: win32u + 0x1b23 (NtUserShowWindow + 0x13)\n\t 0x688ea0f6: QtGui4 + 0x9a0f6 (?show_sys@QWidgetPrivate@@QEAAXXZ + 0x186)\n\t 0x688c08ce: QtGui4 + 0x708ce (?show_helper@QWidgetPrivate@@QEAAXXZ + 0x22e)\n\t 0x688bf478: QtGui4 + 0x6f478 (?setVisible@QWidget@@UEAAX_N@Z + 0x308)\n\t 0x68c7432d: QtGui4 + 0x42432d (?setVisible@QDialog@@UEAAX_N@Z + 0xcd)\n\t 0x68c73611: QtGui4 + 0x423611 (?exec@QDialog@@QEAAHXZ + 0xa1)\n\t0x7ff83110b29a: GCL_AFCQ + 0xab29a (?internal_error_display@AFCQ_MSG_DISPLAY@@UEAAXV?$basic_string@DU?$char_traits@D@std@@V?$allocator@D@2@@std@@@Z + 0x27a)\n\t0x7ff8de15d963: CCL_MSG + 0x1d963 (?internal_error@MSG_REPORT@@UEAAXAEBV?$basic_string@DU?$char_traits@D@std@@V?$allocator@D@2@@std@@@Z + 0xe3)\n\t0x7ff8de177c87: CCL_MSG + 0x37c87 (?finalize@MSG_ERROR_INFO@@QEAAXXZ + 0x87)\n\t0x7ff8de1787dd: CCL_MSG + 0x387dd (?report_fatal@MSG_INTERNAL_ERROR@@SAXPEBDPEAX@Z + 0x15d)\n\t0x7ff8dfa844f0: CCL_ERR + 0x44f0 (?err_report_fatal_exception@@YAXPEBDPEAX@Z + 0x70)\n\t0x7ff8dfa84379: CCL_ERR + 0x4379 (?err_handle_fatal_exception@@YAJPEAU_EXCEPTION_POINTERS@@@Z + 0xb9)\n\t0x7ff8fcd50206: KERNELBASE + 0x110206 (UnhandledExceptionFilter + 0x1e6)\n\t0x7ff8ff0bf607: ntdll + 0xcf607 (LdrResolveDelayLoadsFromDll + 0xb37)\n\t0x7ff8ff090e5f: ntdll + 0xa0e5f (KiUserApcDispatcher + 0x9f)\n\t0x7ff8ff09241e: ntdll + 0xa241e (__chkstk + 0x11e)\n\t0x7ff8ff0414a3: ntdll + 0x514a3 (RtlRaiseException + 0x433)\n\t0x7ff8ff090f4d: ntdll + 0xa0f4d (KiUserExceptionDispatcher + 0x2d)\n\t 0x68bf8afc: QtGui4 + 0x3a8afc (?subWindowList@QMdiArea@@QEBA?AV?$QList@PEAVQMdiSubWindow@@@@W4WindowOrder@1@@Z + 0x2bc)\n\t 0x68bf6085: QtGui4 + 0x3a6085 (?qt_metacast@QMdiArea@@UEAAPEAXPEBD@Z + 0x3e5)\n\t 0x68bf7210: QtGui4 + 0x3a7210 (?resizeEvent@QMdiArea@@MEAAXPEAVQResizeEvent@@@Z + 0x240)\n\t 0x688b0bcd: QtGui4 + 0x60bcd (?event@QWidget@@MEAA_NPEAVQEvent@@@Z + 0x50d)\n\t 0x68bd2676: QtGui4 + 0x382676 (?event@QFrame@@MEAA_NPEAVQEvent@@@Z + 0x36)\n\t 0x692ff802: QtCore4 + 0x10f802 (?sendThroughObjectEventFilters@QCoreApplicationPrivate@@QEAA_NPEAVQObject@@PEAVQEvent@@@Z + 0x82)\n\t 0x68872e81: QtGui4 + 0x22e81 (?notify_helper@QApplicationPrivate@@QEAA_NPEAVQObject@@PEAVQEvent@@@Z + 0xe1)\n\t 0x68872b2f: QtGui4 + 0x22b2f (?notify@QApplication@@UEAA_NPEAVQObject@@PEAVQEvent@@@Z + 0x17bf)\n\t 0x692fd92b: QtCore4 + 0x10d92b (?notifyInternal@QCoreApplication@@AEAA_NPEAVQObject@@PEAVQEvent@@@Z + 0x7b)\n\t 0x688e89b6: QtGui4 + 0x989b6 (?setGeometry_sys@QWidgetPrivate@@QEAAXHHHH_N@Z + 0xa76)\n\t 0x688bc270: QtGui4 + 0x6c270 (?setGeometry@QWidget@@QEAAXAEBVQRect@@@Z + 0xb0)\n\t 0x68c440f0: QtGui4 + 0x3f40f0 (?layoutChildren@QAbstractScrollAreaPrivate@@QEAAXXZ + 0x5e0)\n\t 0x68bf98c7: QtGui4 + 0x3a98c7 (?currentPlatform@QApplicationPrivate@@SAIXZ + 0x917)\n\t 0x68bf8fff: QtGui4 + 0x3a8fff (?currentPlatform@QApplicationPrivate@@SAIXZ + 0x4f)\n\t 0x68bf9b0a: QtGui4 + 0x3a9b0a (?viewportEvent@QMdiArea@@MEAA_NPEAVQEvent@@@Z + 0x17a)\n\t 0x692ff802: QtCore4 + 0x10f802 (?sendThroughObjectEventFilters@QCoreApplicationPrivate@@QEAA_NPEAVQObject@@PEAVQEvent@@@Z + 0x82)\n\t 0x68872e81: QtGui4 + 0x22e81 (?notify_helper@QApplicationPrivate@@QEAA_NPEAVQObject@@PEAVQEvent@@@Z + 0xe1)\n\t 0x68872b2f: QtGui4 + 0x22b2f (?notify@QApplication@@UEAA_NPEAVQObject@@PEAVQEvent@@@Z + 0x17bf)\n\t 0x692fd92b: QtCore4 + 0x10d92b (?notifyInternal@QCoreApplication@@AEAA_NPEAVQObject@@PEAVQEvent@@@Z + 0x7b)\n\t 0x68bfb511: QtGui4 + 0x3ab511 (?closeEvent@QMdiSubWindow@@MEAAXPEAVQCloseEvent@@@Z + 0xa1)\n\t0x7ff8a9aae5e2: SYS_QUI + 0x3e5e2 (?closeEvent@QUI_MDI_SUB_WND@@MEAAXPEAVQCloseEvent@@@Z + 0x182)\n\t 0x688b0be1: QtGui4 + 0x60be1 (?event@QWidget@@MEAA_NPEAVQEvent@@@Z + 0x521)\n\t 0x68872e95: QtGui4 + 0x22e95 (?notify_helper@QApplicationPrivate@@QEAA_NPEAVQObject@@PEAVQEvent@@@Z + 0xf5)\n\t 0x68872b2f: QtGui4 + 0x22b2f (?notify@QApplication@@UEAA_NPEAVQObject@@PEAVQEvent@@@Z + 0x17bf)\n\t 0x692fd92b: QtCore4 + 0x10d92b (?notifyInternal@QCoreApplication@@AEAA_NPEAVQObject@@PEAVQEvent@@@Z + 0x7b)\n\t 0x688ae260: QtGui4 + 0x5e260 (?close_helper@QWidgetPrivate@@QEAA_NW4CloseMode@1@@Z + 0xb0)\n\t0x7ff8a9a948b5: SYS_QUI + 0x248b5 (?close_all_in_list@QUI_FRAME_WND@@IEAA_NV?$QList@PEAVQMdiSubWindow@@@@PEAVQMdiSubWindow@@U_GUID@@@Z + 0x215)\n\t0x7ff8a9a94a02: SYS_QUI + 0x24a02 (?close_all_windows@QUI_FRAME_WND@@QEAA_NU_GUID@@@Z + 0x102)\n\t0x7ff8a9a945a1: SYS_QUI + 0x245a1 (?closeEvent@QUI_FRAME_WND@@MEAAXPEAVQCloseEvent@@@Z + 0x1e1)\n\t 0x688b0be1: QtGui4 + 0x60be1 (?event@QWidget@@MEAA_NPEAVQEvent@@@Z + 0x521)\n\t 0x68be9d30: QtGui4 + 0x399d30 (?event@QMainWindow@@MEAA_NPEAVQEvent@@@Z + 0x280)\n\t 0x68872e95: QtGui4 + 0x22e95 (?notify_helper@QApplicationPrivate@@QEAA_NPEAVQObject@@PEAVQEvent@@@Z + 0xf5)\n\t 0x68872b2f: QtGui4 + 0x22b2f (?notify@QApplication@@UEAA_NPEAVQObject@@PEAVQEvent@@@Z + 0x17bf)\n\t 0x692fd92b: QtCore4 + 0x10d92b (?notifyInternal@QCoreApplication@@AEAA_NPEAVQObject@@PEAVQEvent@@@Z + 0x7b)\n\t 0x688ae258: QtGui4 + 0x5e258 (?close_helper@QWidgetPrivate@@QEAA_NW4CloseMode@1@@Z + 0xa8)\n\t 0x688d7956: QtGui4 + 0x87956 (?winMouseButtonUp@QApplication@@SAXXZ + 0x1006)\n\t0x7ff8fedfe7e7: USER32 + 0xe7e7 (CallWindowProcW + 0x3f7)\n\t0x7ff8fedfe36b: USER32 + 0xe36b (DispatchMessageW + 0x39b)\n\t0x7ff8fee10c22: USER32 + 0x20c22 (SendMessageTimeoutW + 0x142)\n\t0x7ff8ff090ef3: ntdll + 0xa0ef3 (KiUserCallbackDispatcher + 0x23)\n\t0x7ff8fc9e1123: win32u + 0x1123 (NtUserMessageCall + 0x13)\n\t0x7ff8fedfca84: USER32 + 0xca84 (GetWindowTextW + 0x804)\n\t0x7ff8fedfc23e: USER32 + 0xc23e (IsIconic + 0xbe)\n\t0x7ff8f907e781: uxtheme + 0xe781 (GetUserColorPreference + 0x1241)\n\t0x7ff8f9077121: uxtheme + 0x7121 (Ordinal96 + 0x4d1)\n\t0x7ff8f9080868: uxtheme + 0x10868 (IsCompositionActive + 0x1fb8)\n\t0x7ff8f90802d0: uxtheme + 0x102d0 (IsCompositionActive + 0x1a20)\n\t0x7ff8fedfc772: USER32 + 0xc772 (GetWindowTextW + 0x4f2)\n\t 0x68d4bbf7: QtGui4 + 0x4fbbf7 (?widgetDestroyed@QInputContext@@UEAAXPEAVQWidget@@@Z + 0x307)\n\t 0x688d7915: QtGui4 + 0x87915 (?winMouseButtonUp@QApplication@@SAXXZ + 0xfc5)\n\t0x7ff8fedfe7e7: USER32 + 0xe7e7 (CallWindowProcW + 0x3f7)\n\t0x7ff8fedfe36b: USER32 + 0xe36b (DispatchMessageW + 0x39b)\n\t0x7ff8fee10c22: USER32 + 0x20c22 (SendMessageTimeoutW + 0x142)\n\t0x7ff8ff090ef3: ntdll + 0xa0ef3 (KiUserCallbackDispatcher + 0x23)\n\t0x7ff8fc9e1063: win32u + 0x1063 (NtUserPeekMessage + 0x13)\n\t0x7ff8fedfa552: USER32 + 0xa552 (PeekMessageW + 0x1e2)\n\t0x7ff8fedfa4b2: USER32 + 0xa4b2 (PeekMessageW + 0x142)\n\t 0x69322663: QtCore4 + 0x132663 (?processEvents@QEventDispatcherWin32@@UEAA_NV?$QFlags@W4ProcessEventsFlag@QEventLoop@@@@@Z + 0x243)\n\t 0x688d0eb4: QtGui4 + 0x80eb4 (?openPopup@QApplicationPrivate@@QEAAXPEAVQWidget@@@Z + 0x204)\n\t 0x692fa88b: QtCore4 + 0x10a88b (?exec@QEventLoop@@QEAAHV?$QFlags@W4ProcessEventsFlag@QEventLoop@@@@@Z + 0x22b)\n\t 0x692fce6f: QtCore4 + 0x10ce6f (?exec@QCoreApplication@@SAHXZ + 0xdf)\n\t0x7ff73ebd197b: quartus +",
		"subsystem" : "unknown"
	},
	"quartus" : {
		"quartus_bits" : "64",
		"version" : "18.1.0",
		"build" : "625",
		"edition" : "Lite Edition"
	}
}